59890,National Weather Service
59890,Associated Press
59890,Reuters
59890,Facebook
59890,Alabama Emergency Management Agency
59890,Senate
59890,Penn State
59890,Jefferson County International Baccalaureate
59890,Peace Corps
59890,Honda
59891,Auburn University
59891,Optimist Club
59891,Lourdes Catholic Church
59891,Miss Northview High School
59891,Northview
59891,Krispy Kreme
59891,CVS
59891,NOAA
59891,Birmingham Barons
59891,University of Oklahoma
61518,Tate High School
61518,FHSAA
61518,GPA
61518,FCA
61518,National Honor Society
61518,Florida High School Athletic Association
61518,FFA
61518,BETA Club
61108,National Weather Service
61108,Norman Regional Hospital
61108,FOX
61108,NWS
61108,Taser
61108,Sledge Hammer
61108,NTV
61108,University of Oklahoma
61108,Oklahoma Department of Emergency Management
61108,LA Times
61104,Red Cross
61104,Thornwillow Press
61104,Living Word Fellowship Church in Woodward
61104,Acura
61104,Boeing
61104,Woodward City
61104,University
61104,KOCO
61104,American Red Cross
61104,Spirit AeroSystems
63524,National Veterans Foundation
63524,DVNF
63524,NCRT
63524,St. Benedict
63524,Senate Finance Committee
63524,Disabled Veterans National Foundation
63524,IRS
63524,Northside Community Response Team
63524,CharityWatch
63524,Light Rail
63520,Chevrolet
63520,University of Missouri
63520,Telemundo
63520,Bureau
63520,Nicole Houde Miss New Hampshire
63520,MRA Holdings
63520,St Louis
63520,Southwest Baptist University
63520,NHL
63520,Mantra Films Inc.
62302,National Weather Service
62302,International Group for Historic Aircraft Recovery
62302,ABBA
62302,Hoosiers
62302,Indiana University
62302,Chesterwoods Court
62302,TIGHAR
62302,Atlanta Falcons
62302,National Pensioners’ Organization
62302,Lockheed Electra
60607,National Weather Service
60607,NCAA
60607,Baylor
60607,Red Cross
60607,FEMA
60607,Wildcats
60607,Texas Tech
60607,Aggies
60607,Broncos
60607,Lubbock City Council District
63158,Verizon
63158,Coast Guard
63158,Sprint
63158,White House
63158,Federal Aviation Administration
63158,United
63158,Mercy Hospital Joplin
63158,Panhandle Community Services
63158,Boonies Kickoff Party
63158,Kin-Kam
68038,NBCNews.com on Twitter and Facebook
68038,Associated Press
68038,NBC News
68038,T-Mobile
68038,Facebook
68038,HTC
68038,TracFone
68038,YouTube
68038,Apple
68038,Mansfield News Journal
60854,Pinedale Elementary School
60854,Estepp
60854,York High School
60854,Etoile de Bessèges
60854,Max Planck Institute for Extraterrestrial Physics
60854,Illinois Baseball Coaches Association
60854,Skil
60854,Honda Odyssey
60854,Waubonsie Valley High School
60854,Harvard-Smithsonian Center for Astrophysics
61170,National Weather Service
61170,Army
61170,Detroit Red Wings
61170,Honda Center
61170,Byron Nelson High School
61170,Sprit AeroSystems
61170,Army Rangers
61170,Oklahoma Medical Examiner’s Office
61170,Forest Hills
61170,Boston Red Sox
61078,Florida Highway Patrol
61078,Rockford School District
61078,Community Room of Mid America Bank
61078,Pine Forest High School
61078,Bellview
61078,Holts Summit Community Betterment Association
61078,MFA
61078,Bessemer Police Department
61078,Bessemer
61078,Honda
59155,Facebook
59155,West Oak Middle School
59155,North Central College
59155,N. State St.
59155,Poe House
59155,Junctional Epidermolysis Bullosa
59155,Disney
59155,Allstate Arena
59155,Les Ballets Trockadero de Monte Carlo
59155,High Tech Crimes Bureau
60217,National Weather Service
60217,Anaheim Police Department
60217,ET the National Weather Service
60217,CNN
60217,Georgia Power
60217,Storm Prediction Center
60217,Federal Emergency Management Agency
60217,Gainesville State College
60217,Florida Highway Patrol
60217,Weather Channel
61200,National Weather Service
61200,Associated Press
61200,The Chicago Sun Times
61200,Kingdom of Callaway Chamber of Commerce
61200,Atlanta Allergy & Asthma Clinic
61200,Vanderbilt University
61200,YMCA
61200,Corps of Engineers
61200,National Pensioners’ Organization
61200,Chicago Bulls
68770,Fairbanks
68770,Amarillo Bulls
68770,NAHL
68770,Brookings
68770,Jamestown
68770,Bulls
68770,Austin Bruins
68770,Springfield
68770,Odessa
68770,RoadRunners
60218,National Weather Service
60218,Getty Images
60218,National Guard
60218,Complete College America Alliance
60218,Space Science and Engineering Center
60218,ET the National Weather Service
60218,IEA
60218,Georgia Power
60218,Reuters
60218,New York Times
65377,Federal Emergency Management Agency
65377,Facebook
65377,New York Times
65377,National Weather Service
65377,Storm Shelter Association Standard for the Design and Construction of Storm Shelters
65377,Payson Regional Medical Center
65377,"Bureau of Alcohol, Tobacco"
65377,NOAA
65377,WAIS
65377,Forest Service
62607,Smart Tech Homes
62607,Dominick's Finer Foods
62607,Illinois Attorney Registration and Disciplinary Commission
62607,Rolling Meadows
62607,Granger Plastics Co.
62607,Clark Street Development
62607,Libertyville Police
62607,Protect NC Families
62607,Associates of Wheaton
62607,Hoffman Estates
60351,National Weather Service
60351,Church of St. Mary the Virgin
60351,CB&T
60351,Public Information Network for Electronic Services hub
60351,NOAA
60351,Underhill Associates
60351,WRCB
60351,Community Bank & Trust
60351,Alabama State Emergency Management Agency
60351,Cleveland Motor Cars
60357,Auburn University
60357,Optimist Club
60357,Lourdes Catholic Church
60357,Miss Northview High School
60357,Northview
60357,Krispy Kreme
60357,CVS
60357,NOAA
60357,Birmingham Barons
60357,University of Oklahoma
61198,National Weather Service
61198,Associated Press
61198,Alabama Department of Corrections
61198,CNN
61198,WLKY
61198,White House
61198,Ooltewah High School
61198,Madison County Emergency Management Agency
61198,Tennessee Emergency Management Agency
61198,NOAA
61199,National Weather Service
61199,CNN
61199,Associated Press
61199,Ooltewah High School
61199,Madison County Emergency Management Agency
61199,Presleys
61199,NOAA
61199,Dallas County Sheriff’s Office
61199,Buckhorn High School
61199,Kentucky Emergency Management Agency
62230,Red Cross
62230,Thornwillow Press
62230,Living Word Fellowship Church in Woodward
62230,Acura
62230,Boeing
62230,Woodward City
62230,University
62230,KOCO
62230,American Red Cross
62230,Spirit AeroSystems
62235,NOAA
62235,Weather Service
62235,ABC
62235,NOAA Weather Radio
62235,National Weather Service
65798,Facebook
65798,Accused Aurora Shooter
65798,Christian Post
65798,Austin American-Statesman
65798,Comic-Con
65798,CBS News
65798,USO
65798,UFC
65798,Yahoo
65798,Irving
68084,Law Enforcement Aviation Coalition
68084,Illinois State Police
68084,Lake County Sheriff's Marine Unit
68084,National Center for Missing and Exploited Children
68084,Facebook
68084,Weather.com
68084,JCPenney
59384,Google
59384,National Guard
59384,New Orleans East Inc.
59384,NOAA
59384,Moultrie Police
59384,Commission
59384,U.S. Geological Survey
59384,USGS
59384,U.S. National Oceanic and Atmospheric Administration
59384,Google.org's Crisis Response Team
59380,Royal Shakespeare Company
59380,Teammates for Kids Foundation
59380,Oklahoma State University
59380,Integris
59380,Integris Canadian Valley Hospital
59380,Gremio
59380,YMCA
59380,Petruchio
59380,PA Memorial
59381,U.S. National Oceanic and Atmospheric Administration
59381,Brookfield Asset Management
59381,Brookfield Infrastructure Partners
59381,Callaway Chamber of Commerce
59381,NOAA
59381,University of Oklahoma
59381,SandRidge
59381,Facebook
59381,Sugar House
59381,Empire District Electric
59383,National Weather Service
59383,NWS
59383,National Guard
59383,NOAA
59383,National Oceanic and Atmospheric Administration
59383,Tropical Storm Lee
59383,CWG
59383,Google
59383,Houston Independent School District
59383,First Presbyterian Church
64515,Catholic
64515,Howard S. Billings
64515,Zanies Comedy Club
64515,Stanford University
64515,Africa for the Washington-based National Democratic Institute for International Affairs
64515,W. Campbell St.
64515,Chicago Symphony Orchestra
64515,Santo
64515,School of Oriental
64515,College Park High School
68811,NBC News
68811,Facebook
68811,Associated Press
68811,Department of Homeland Security
68811,Portland Winterhawks
68811,Battle Ground High School
68811,USC
68811,Los Angeles Times
68811,Brogue Kick
68811,Living Hope Church
68813,Newark Municipal
68813,Newark Municipal Council
68813,Newark Police Department
68813,Roberto Clemente Little League
61855,MLB
61855,Ice House
61855,National Weather Service
61855,Fire Marshall's Office
61855,Standard & Poor
61855,Sheriff's Office
61855,Major League
61854,National Weather Service
61854,Ice House
61854,Homeland Security Investigations
61854,National Association of Storm Shelters
61854,St. N.
61854,U.S. District Court
61854,Mercedes-Benz
61854,FEMA
61854,Major League
61854,Smuggler’s Inn
60509,NBA Players Association and Retired Players Association
60509,MEMPHIS GRIZZLIES
60509,Oklahoma Highway Patrol
60509,The Memphis Grizzlies
60509,MJ
60509,Global Associated
60509,WISN-TV
60509,Milwaukee
60509,Marquette University
60509,FedExForum
59579,Missouri Division of Tourism
59579,St. John's Regional Medical Center
59579,Bureau
59579,Joplin City Council
59579,CVB
59579,Kansas City-based Propaganda Communications
66253,National Weather Service
66253,Community Collaborative Rain
66253,Hail & Snow Network
66253,Facebook
66253,Associated Press
66253,Massachusetts Department of Corrections
66253,Zanies Comedy Club
66253,Gurnee Mills
66253,BT
66253,Heritage
68252,Facebook
68252,FIFA
68252,AP
68252,National Weather Service
68252,Federal Aviation Administration
68252,UAH Atmospheric Sciences Department
68252,TracFone
68252,Shelby Center
68252,Klutts Motor Co.
68252,University of Florida
65481,CBS
65481,Valle Catholic
65481,Tohoku
65481,University of Missouri
65481,MacArthur
65481,Missouri Southern State University
65481,NE Dallas CO
65481,Dell
65481,British Airways
65481,WTSP
69775,Facebook
69775,Associated Press
69775,LALATE
69775,U.S. Coast Guard
69775,Baptist Church
69775,Martha’s Village & Kitchen
69775,Kalispel Charitable Fund
69775,Hills
69775,Find Food Bank
69775,OSU
67405,Institute for Urban Research
67405,Harvard University
67405,Cincinnati Commercial
67405,The Associated Press
67405,AP
67405,Yale University
67405,U.S. Census
67405,Morgan State University
67405,Facebook
67405,Winters
62512,National Weather Service
62512,Branson Landing
62512,CNN
62512,Hilton
62512,U.S. Forest Service
62512,White House
62512,National Guard
62512,NOAA
62512,Forest Service
62512,Brewers
63181,Facebook Death Threat
63181,News Channel 3
63181,Buckhorn High School
63181,Long-Term Community Recovery Committee for Rainsville
63181,Huntsville-Madison County Emergency Management Agency
63181,Village Pizza
63181,Limestone County Commission Chair Stanley Menefee
63181,Crape Myrtle Project
63181,Alabama State Parks
63181,Wing House
67794,National Weather Service
67794,Facebook
67794,KTVI
67794,Joplin School District
67794,Department of Public Works
67794,Reuters
67794,Lions
67794,WMUR-TV
67794,Savannah State
67794,Associated Press
61630,KMOX
61630,British Royal Navy
61630,World Sailing Speed Record Council
61630,National Weather Service
61630,Ferdinand Magellan
61630,Fox
61630,County’s Emergency Communication Commission
61630,BBC
61630,Safelite Auto Glass
61630,AP
69178,Daily Mail
69178,Facebook
69178,Republican Party
69178,Civil Guard
69178,Boeing
69178,Ms Dudas
69178,Child Protective Services
69178,Voice
69178,Lincoln University
69178,Sports Hall of Fame
61386,Turner Entertainment / Warner Bros
61386,PETA
61386,Humane Society of the United States
61386,Humane Society
61386,WACO
61386,"SERVE, Inc."
61386,TracFone
61386,Sanyo Zio
61386,Reids
61386,Motorola Photon
61029,National Weather Service
61029,Emergency Management
61029,OTRC
61029,NOAA
61029,Forte
61029,Georgia Power
61029,Richmond County School District
61029,Harvard University
61029,MSNBC
61029,Paradise Water Features
61792,St. Louis
61792,Bismarck
61792,Bureau of Indian Affairs
61792,National Weather Service
61792,Falcons
61792,Bobcats
61792,Amarillo Bulls
61792,WCCO-TV
61792,Amarillo
61792,Texas Rangers
62580,TracFone
62580,T-Mobile
62580,HTC
62580,CBS
62580,Tohoku
62580,University of Missouri
62580,Grayson Co
62580,Planned Parenthood
62580,Texas Republican Party
62580,Women’s Health Program
63444,HTC
63444,Verizon
63444,Congress Company
63444,Hopkins County Band
63444,Bloomfield
63444,T-Mobile
63444,TracFone
68074,NBC News
68074,Facebook
68074,Associated Press
68074,Department of Homeland Security
68074,Portland Winterhawks
68074,Battle Ground High School
68074,USC
68074,Los Angeles Times
68074,Brogue Kick
68074,Living Hope Church
62587,National Weather Service
62587,BGE
62587,Bel Air Auto Palace
62587,Southern Baltimore
62587,Eastern Allegany
62587,St. Mary
62587,New York Times
62587,IDF
62587,"Jewish Group Slams Soros, Chomsky & Friedman"
62587,Maryland Shock Trauma Center
62462,National Weather Service
62462,Associated Press
62462,Limestone Correctional Facility
62462,Buckhorn High School
62462,Huntsville Times
62462,Coast Guard
62462,WLKY
62462,Canebrake Club
62462,Red Cross
62462,Alabama
62461,CBS
62461,Miami Fraternal Order of Police
62461,Red Cross
62461,White House
62461,Worst Time for Healthcare
62461,Regional Medical Center
62461,Rogers County Sheriff’s Office
62461,Miami Herald
62461,"Random House, Inc."
62461,Creek Casinos
60723,Underhill Associates
60723,Kentucky State Police
60723,Indiana State Police
60723,ESPN
60723,NOAA
60723,NTS Development Co.
60723,Shelby Co
60723,Eco Convergence Group
60723,Allstate Arena
60723,Salvation Army
62866,Legislature
62866,Orion
62866,FAA
62866,Cape Air
62866,Cole County Circuit Court
61562,National Weather Service
61562,Fremont County Emergency Management
61562,Red Cross
61562,Oklahoma Department of Emergency Management
61562,Spirit AeroSystems
61562,Boeing
61562,American Red Cross
61562,McConnell Air Force Base
61562,Nike
61562,Wolfes
61248,National Oceanic and Atmospheric Administration
61248,AP
61248,University of Toronto
61248,BPAA
61248,Yahoo
61248,NOAA
61248,Bowling Proprietors’ Association of America
61248,AccuWeather Enterprise Solutions
61248,Kansas Transit Authorty
61248,National Highway Traffic Safety Administration
61560,National Weather Service
61560,City Council
61560,Southwestern Community College
61560,MidAmerican Energy
61560,Medicine Lodge
61560,Greater Regional Medical Center
61560,Union County Sheriff's Department
61560,NWS
61560,WAFB-TV
61560,NTV
62642,U.S. Army Corps of Engineers
62642,Corps
62642,Florida Peninsula Insurance Co.
62642,Good Neighbor Condo Services Inc.
62642,North Carolina State University
62642,Clemson University
62642,Florida Property & Casualty Association
62642,Georgia Farm Bureau
62642,National Association of Home Inventory Professionals
61564,AP
61564,Philly Pretzel Factory
61564,Red Dwarf
61564,News Corporation
61564,Crimson Tide
61564,Amarillo Bulls
61564,Triple-A Omaha
61564,Telemundo
61564,Twins
61564,Bulls
65607,JPL
65607,Army
65607,Iraq Veterans Against the War
65607,U.S. Army
65607,NASA
65607,University of Nebraska-Omaha
65607,1075th Transportation Company
65607,KVNO News - KVNO News
65607,Saturn
65607,MMA
61093,NOAA
61093,NWS
61093,Hall County Board of Commissioners
61093,Columbia University’s International Research Institute for Climate and Society
61093,Department of Early Care
61093,Geophysical Research Letters
61093,Commission
61093,Washington Post
61093,CCA
61093,Home Development Resources Inc.
59759,Facebook
59759,The Times
59759,Flomaton High School
59759,Auburn
59759,Criminal Investigations Division
59759,Hall County Sheriff's Office
59759,Junctional Epidermolysis Bullosa
59759,Jail Division
59759,Auburn University
62766,National Weather Service
62766,Church Hill
62766,Saugata Roy of Ramanuj Gupta College
62766,Pete & Jake's Hot Rod Parts
62766,Chevrolet
62766,A.O.C.C.
62766,Northview
62766,Saraswati Vidya Mandir HS School
62766,American Civil Liberties Union
62766,Nostalgic Auto Body
63165,Red Cross
63165,Community Health Improvement Partners
63165,EMS
63165,Chevrolet
63165,Telemundo
63165,Nicole Houde Miss New Hampshire
63165,MRA Holdings
63165,SkyCam Network
63165,Mantra Films Inc.
63165,Assembly
63164,Pizza Hut
63164,Taco Bell
63164,McDonald
63164,Yahoo News
63164,Marine Corps.
63164,New York Times
63164,United States Marine Corps
63164,McDonalds
63164,Burger King
63164,Applebee
63209,Red Cross
63209,LANCASTER
63209,Red Raiders
63209,TracFone
63209,Rumble Across Texas Tonight
63209,Lakeview Hospital
63209,Bismarck
63209,Fairbanks
63209,Andersen Foundation
63209,Amarillo
63162,Shelly Graesser Death Shocks Vail Ranch Middle School
63162,New Orleans Saints
63162,Philadelphia Eagles
63162,New York Jets
63162,Three University of Tulsa
63162,University Of Tulsa
63162,Oklahoma State University
63162,Vail Ranch Middle School
63162,OSU
63162,Bayero University
61141,National Weather Service
61141,Red Cross
61141,American Red Cross
61141,CNN
61141,Big Brothers
61141,Legence Bank
61141,DePaul Hospital
61141,Newman Catholic Student Center
61141,Information Center
61141,ISS
64726,Unabomber
64726,Deuteronomy
64726,AgriLife Today
64726,New York Times Cookbook
64726,Telegraph
64726,Pitbull RIP
64726,IFPRI
64726,UN Food and Agriculture Organization
64726,Unabomber Harvard
64726,Kansas Sity
69338,white house
69338,NAEH
69338,National Alliance to End Homelessness
69338,McKenzie Court
69338,ESPN
69338,Army
69338,University of Florida
69338,U.S. Department of Housing and Urban Development
69338,Florida Law Related Education Association Inc.
69338,ESPN Films
59928,Louisiana State Police
59928,Mardi Gras
59928,East Jefferson General Hospital
59928,National Weather Service
68691,Facebook
68691,Catholic
68691,CIA
68691,Broncos
68691,Blinded Navy
68691,Quantum of Solace
68691,Snyder
68691,Cross
68691,U.S. Supreme Court
68691,Paralympics
60386,National Weather Service
60386,CNN
60386,Associated Press
60386,White House
60386,Ooltewah High School
60386,Madison County Emergency Management Agency
60386,Double Eagle
60386,Tennessee Emergency Management Agency
60386,NOAA
60386,ABC
60387,National Weather Service
60387,Kalamazoo Public Library
60387,Kalamazoo Parks and Recreation Department
60387,National Climatic Data Center
60387,Schoolcraft
60387,Twitter
60387,NWS
60387,NOAA
60387,Miller-Davis
60387,Jack Urban of the Kalamazoo City Public Arts Commission
60389,Sumter County School Board
60389,Southern Association of Colleges and Schools Commission
60389,Sumter County School
60389,Brenau’s Early College
60389,Sara Cobb Elementary
60389,Celtic Cross
60389,Southern Association of Independent Schools
60389,Early College
60389,Washington Post
60389,Cherokee Elementary School
61896,Niles North High School
61896,York High School
61896,Grace I Wood Memorial
61896,Giant Screen Films of Evanston
61896,Illinois Derby
61896,Gotham Stakes
61896,Parents
61896,GSF
61896,TVG Illinois Derby
61896,Breeders
62168,National Weather Service
62168,Associated Press
62168,Alabama Department of Corrections
62168,CNN
62168,WLKY
62168,White House
62168,Ooltewah High School
62168,Madison County Emergency Management Agency
62168,Tennessee Emergency Management Agency
62168,NOAA
59156,Duke Energy
59156,National Weather Service
62167,National Weather Service
62167,CNN
62167,CBS
62167,Associated Press
62167,White House
62167,Madison County Emergency Management Agency
62167,Lincoln Center
62167,NOAA
62167,WRCB
62167,CM Academy of Dog Training
63461,Facebook
63461,ABC
63461,EC
63461,Bell County Jail
63461,CIA
63461,NY Yankees
63461,Google Wallet
63461,Arlington Tomorrow Foundation Board of Directors
63461,Optimus Elite
63461,Cedar Elm
68601,Facebook
68601,Ford
68601,Congress
68601,National Weather Service
68601,Miles Northwest Of Iowa Hill
68601,ESPN
68601,Blink Films
68601,Plainedge School District
68601,Enforcement Department
68601,Missouri Child Identification Program
65948,Facebook
65948,Associated Press
65948,National Hurricane Center
65948,Reuters
65948,National Weather Service
65948,MSNBC
65948,Amtrak
65948,Republican Party
65948,GOP
65948,Biloxi Sun Herald
63701,Airbus
63701,Fiat
63701,Detroit News
63701,Chrysler Group
63701,Associated Press
63701,Tres Generaciones Anejo
63701,Dodge Dart
63701,New York Times
63701,LinkedIn
63701,Southeastern Montana Complex Fire Map
66662,Butterfly Conservatory
66662,Bronx Zoo
66662,Central Park Conservatory
66662,American Museum of Natural History
66662,Congo Gorilla House
65548,National Weather Service
65548,AP
65548,Cowboys
65548,Center for Disease Control
65548,Barry Church
65548,Brogue Kick
65548,Acapulco Radar
65548,Bloomberg Businessweek
65548,Star Tribune Outlook
65548,NOAA
65547,National Weather Service
65547,Center for Disease Control
65547,New England Patriots
65547,Acapulco Radar
65547,Bloomberg Businessweek
65547,Star Tribune Outlook
65547,NOAA
65547,Reuters
65547,Washington Post
65547,Ham Weather
62012,NWS
62012,National Weather Service
62012,Red Cross
62012,Emergency Management
62012,Amarillo/Potter/Randall Office of Emergency Management
62012,AAA
62012,NOAA
62012,University of Oklahoma
62012,Armstrong County Museum
62012,Shamrock Community Center
62013,Oklahoma Department of Emergency Management
62013,Associated Press
62013,Red Cross
62013,ASL Honor Society at Canyon High
62013,Woodward City
62013,StormTrackers
62013,Citizen’s Bank
62013,NOAA
62013,KOCO
62013,Canyon High American Sign Language Honor Society
67741,Facebook
67741,NBC News
67741,Associated Press
67741,Reuters
67741,Mississippi Power
67741,NBC
67741,National Weather Service
67741,Mississippi Department of Transportation
67741,Jackson County Emergency Management Agency
67741,Jackson County Emergency Operations Center
64086,Holland Patent High School
64086,"Food, Inc."
64086,State Fair
64086,OnEarth Magazine
64086,Trenton Community Education
64086,Reuters
64086,TNA
64086,NASA
64086,Chesapeake Energy
64086,USGS
64128,YouTube
64128,Red Cross
64128,White House
64128,Worst Time for Healthcare
64128,Regional Medical Center
64128,Rogers County Sheriff’s Office
64128,Tulsa Bounty Hunter Now Fugitive Himself
64128,"Random House, Inc."
64128,FEMA
64128,St. Marys
61699,National Weather Service
61699,Associated Press
61699,NOAA
61699,KOCO Eyewitness News
61699,Federal Emergency Management Agency
61699,Alabama Department of Corrections
61699,Chardon High School
61699,CNN
61699,WLKY
61699,Red Cross
61698,National Weather Service
61698,CNN
61698,Associated Press
61698,Branson Landing
61698,NOAA
61698,Underhill Associates
61698,Alabama Department of Corrections
61698,WDRB
61698,Kentucky State Police
61698,Hilton
70613,BG
70613,McKenzie Court
70613,PARA
70613,AHIP
70613,Wisconsin Intercollegiate Athletic Conference
70613,WOCG
70613,FSU
70613,Rolling Stone
70613,Associated Press
70613,Health Savings Accounts
70611,National Weather Service
70611,Electric
70611,Oklahoma Department of Public Safety
70611,Emergency Management Agency
70611,NWS
70611,Oklahoma Highway Patrol
70611,WDAM
70611,Armstrong International Airport
70611,Harris County Sheriff
70611,Ford
70610,National Weather Service
70610,Oklahoma Department of Public Safety
70610,Entergy
70610,Harris County Sheriff
70610,Associated Press
70610,West Feliciana Parish Sheriff J. Austin Daniel
70610,Electric
70610,Oklahoma Highway Patrol
70610,Ford
70610,St. John The Baptist
61697,National Weather Service
61697,CNN
61697,NOAA
61697,WLKY
61697,Buckhorn High School
61697,CBS
61697,Associated Press
61697,Alabama Department of Corrections
61697,White House
61697,Madison County Emergency Management Agency
62420,Red Horse Nation
62420,International Council of 13 Indigenous Grandmothers
62420,Texas A&M University-Kingsville
62420,Cheyenne Elders Council
62420,Grandmothers Council
63006,National Weather Service
63006,NWS
63006,Oklahoma's Office of Emergency Management
63006,Huffington Post
63006,New York Times
63006,Washington Post
63006,Sedgwick County Emergency Management
63006,AP
63006,White House
63006,Seattle Times
67965,Clarksville City Council Ward
67965,School House
67965,University of Memphis
67965,Parking Authority
67965,Illinois State Police
67965,Tennessee Highway Criminal Interdiction Unit
67965,Clarksville City Council
67965,Winnebago County State's Attorneys Office
67965,WJZM
67965,Winnebago County State
60683,National Weather Service
60683,Emergency Management
60683,Capstone Club
60683,ISS
60683,Branson Landing
60683,Harrison Construction Supply
60683,Azalea City Golf Course
60683,NOAA
60683,Kentucky National Guard
60683,NTS Development Co.
60682,National Weather Service
60682,Emergency Management
60682,Capstone Club
60682,ISS
60682,Branson Landing
60682,Harrison Construction Supply
60682,Azalea City Golf Course
60682,NOAA
60682,Kentucky National Guard
60682,NTS Development Co.
61665,Customs Enforcement
61665,Homeland Security
61665,Cedar Rapids
61665,Immigration and Customs
61665,Better Business Bureau
61665,Ugg
61665,United States Department of Homeland Security Immigration and Customs Enforcement Office
61665,Gulf Coast Exploreum Science Center
61665,University of Oklahoma
61665,Gucci
62691,National Weather Service
62691,Army
62691,Detroit Red Wings
62691,Honda Center
62691,Byron Nelson High School
62691,Sprit AeroSystems
62691,Army Rangers
62691,Oklahoma Medical Examiner’s Office
62691,Forest Hills
62691,Boston Red Sox
69110,Facebook
69110,NBC
69110,FBI
69110,U.S. Defence
69110,Springfield
69110,Bismarck
69110,Falcons
69110,state Senate
69110,Department of Fish & Wildlife
69110,U.S. Supreme Court
70290,National Weather Service
70290,Electric
70290,Oklahoma Department of Public Safety
70290,Emergency Management Agency
70290,NWS
70290,Oklahoma Highway Patrol
70290,WDAM
70290,Armstrong International Airport
70290,Harris County Sheriff
70290,Ford
63000,"Tropical Storm Risk, Inc."
63000,Phoenix Firebirds
63000,Safelink Wireless
63000,Detroit Victory Honda
63000,NOAA
63000,Chargers
63000,NAHL
63000,North Atlantic Oscillation
63000,FSU
63000,British Hockey League
63499,National Weather Service
63499,Norman Regional Hospital
63499,FOX
63499,NWS
63499,Taser
63499,Sledge Hammer
63499,NTV
63499,University of Oklahoma
63499,Oklahoma Department of Emergency Management
63499,LA Times
62720,National Weather Service
62720,NWS
62720,Federal Aviation Administration
62720,BGE
62720,Macon Beacon
62720,Bel Air Auto Palace
62720,University of Oklahoma Westheimer Airport
62720,NOAA
62720,U.S. Senate
62720,EMS
66717,Liberal
66717,Democratic Party
66717,Michigan State
66717,Crimson Tide
66717,WIBCA
66717,Supreme Court
66717,Colorado College
66717,Blick
66717,Florida State
66717,New Song Church
65201,WYCD
65201,Rascal Flatts
61110,AP
61110,NCAA
61110,WACO
61110,2nd District Court of Appeals
61110,Norfolk & Dedham Group
61110,National Wrestling Alliance
61110,Sun Belt Conference
61110,Baylor
61110,University of South Alabama
61110,NRDC
63245,Red Cross
63245,OSU
63245,Jenks Middle School
63245,McAlester High School
63245,Oklahoman Editorial Board
63245,OSU Medical Center Trust
63245,Jenks Public Schools Police
63245,Kansas State University
63245,Anschutz Corp.
63245,Supreme Court
66532,Texas Health Department
66532,Trust Company of Sterne Agee & Leach
66532,Ross Barnett Reservoir
66532,CDC
66532,Oakworth Capital
66532,Texas Department of State Health Services
66532,National Weather Service
66532,NWS
66532,Centers for Disease Control and Prevention
66532,Miss Fulton Teen USA
60615,Facebook
60615,National Weather Service
60615,Samsung Electronics
60615,Samsung
60615,NYSE
60615,Metro
60615,White House
60615,Lucimar Santos de Lima
60615,ESPN
60615,University of Vienna
61597,Associated Press
61597,Des Moines Roosevelt High School
61597,NCAA Division
61597,Iowa Girls High School Athletic Union
61597,Wind Science and Engineering Research Center
61597,Baylor
61597,International Business Times
61597,Texas Rangers
61597,Rangers
61597,Alabama House
61595,National Guard
61595,Air Force
61595,Fox
61595,Clayton Osbon JetBlue
61595,Vassar Playhouse
61595,Northrop Grumman Corp.
61595,MODOT
61595,Weather Channel
61595,Whiteman Air Force Base
61595,NWS
69415,Facebook.com/BaptistPress
69415,Living Waters Publications
69415,Tropical Storm
69415,National Weather Service
69415,National Hurricane Center
69415,National Severe Storms Laboratory
69415,Codes Enforcement Academy
69415,Chattanooga Fire Department
69415,SBC
69415,Facebook
63124,"Tropical Storm Risk, Inc."
63124,Phoenix Firebirds
63124,Safelink Wireless
63124,Detroit Victory Honda
63124,NOAA
63124,Chargers
63124,NAHL
63124,North Atlantic Oscillation
63124,FSU
63124,British Hockey League
60619,National Weather Service
60619,Corps of Engineers
60619,Congress
60619,Red Cross
60619,Ice House
60619,Saints
60619,Army Corps of Engineers
60619,Loyola University
60619,Republican Party
60619,Party of Reagan
64182,CBS
64182,Valle Catholic
64182,Tohoku
64182,University of Missouri
64182,MacArthur
64182,Missouri Southern State University
64182,NE Dallas CO
64182,Dell
64182,British Airways
64182,WTSP
62756,Tuscaloosa Habitat for Humanity
62756,FHA
62756,NOAA
62756,Integrated Mortgage Solutions
62756,Third Man Records
62756,Knauf Plasterboard Tianjin
62756,Fannie Mae
62756,Southwest
62756,Rolling Meadows
62756,WellThatsCool.com
70971,National Weather Service
70971,Ford
70971,Emergency Management Agency
70971,VA
70971,Oklahoma Highway Patrol
70971,CBS Houston/AP
70971,Addison Trail High School
70971,U.S. Embassy
70971,NAM
70971,Lovelady State Bank
62612,Federal Emergency Management Agency
62612,NOAA
62612,State
62612,Federal Aviation Administration
62612,Storm Shelter Association Standard for the Design and Construction of Storm Shelters
62612,Payson Regional Medical Center
62612,University of Oklahoma Westheimer Airport
62612,Catholic Charities
62612,Arizona Game
62612,Forest Service
63336,National Weather Service
63336,NWS
63336,Federal Aviation Administration
63336,BGE
63336,Macon Beacon
63336,Bel Air Auto Palace
63336,University of Oklahoma Westheimer Airport
63336,NOAA
63336,U.S. Senate
63336,EMS
63337,National Weather Service
63337,National Hurricane Center
63337,CNN
63337,Facebook
63337,NWS
63337,LLC
63337,Associated Press
63337,Florida Highway Patrol
63337,White House
63337,Wildlife Conservation Commission
61522,Facebook Death Threat
61522,News Channel 3
61522,Buckhorn High School
61522,Long-Term Community Recovery Committee for Rainsville
61522,Huntsville-Madison County Emergency Management Agency
61522,Village Pizza
61522,Limestone County Commission Chair Stanley Menefee
61522,Crape Myrtle Project
61522,Alabama State Parks
61522,Wing House
68096,Associated Press
68096,YouTube
68096,NBC News
68096,Red Cross
68096,Manchester United
68096,Court
68096,Sparta
68096,University of Texas-Pan American
68096,Kladno
68096,NOAA
69565,Benton County Emergency Management Agency
69565,School Ends Racial Criteria For Homecoming Court
69565,Board of Education
69565,Rogers
69565,U.S. Department of Justice
69565,National Weather Service
69565,DOJ
69565,Escambia County High School
69565,U.S. Justice Department
69565,ECHS
69564,Facebook
69564,Illinois Science & Energy Innovation Foundation
69564,Education Trust Fund
69564,Taiwan External Trade Development Council
69564,Chicago History Museum
69564,LinkedIn
69564,Oak Brook-based Inland American Real Estate Trust Inc
69564,Northern Illinois Food Bank
69564,Peapod
69564,University of South Alabama
60120,National Weather Service
60120,Red Cross
60120,Ameren
60120,CNN
60120,American Red Cross
60120,DePaul Hospital
60120,Climate and Society
60120,Supreme Court
60120,NOAA
60120,Elkins
63992,ESPN
63995,Los Angeles Lakers
63995,ESPN
63995,Children’s Literature Network
63995,Red Hot Rebel Read
63995,Minnesota Authors
63995,Twins
63995,CPHS
63995,Dallas Mavericks
63995,Youth Farm
63995,CLN
64116,Facebook
64116,Dallas Theater Center
64116,TracFone
64116,Teknision
64116,Rockies
64116,Matthews Southwest
64116,Party of Civil Rights
64116,Kings Dominion
64116,NAHL
64116,Joplin High School
69067,National Weather Service
69067,NWS
69067,Facebook
69067,Weather Service
69067,Marine Corps
69067,New York Daily News
69067,Breezy Point Surf Club
69067,The National Weather Service
69067,St. Louis Rams
69067,Centers For Disease Control and Prevention
60534,MLB
60534,Executive Producers for History Channel
60534,MPD
60534,Jersey Shore
60534,Memphis Police
60534,National Weather Service
60534,Dion Anthony Recording in Squad Car Shocks Memphis Police
60534,NCAA
60534,Standard & Poor
60534,History Channel
62113,US Weekly’s Hot Bodies
62113,US Weekly Hot Bodies
62113,Chicago Weather Examiner
62113,U.S. Geological Survey
62113,Cross Creek
62113,Facebook
62113,Kaw Valley Amateur Radio Club
62113,Shawnee County Commission
62113,Community Emergency Response Team
62113,Topeka Fire Department
68896,Fugees
68896,Royal Family
68896,Chi Italy Magazine
68896,Wyclef Jean Affair and Claims of Paternity Lies Dominated Fugees
68896,Mondadori
68896,El Pais
68896,Facebook
68896,Chi Italy Magazine Kate Middleton Scandal
68896,New York Post
68896,Silvio Berlusconi
64988,Fairhope Educational Enrichment Foundation
64988,University of North Carolina
64988,University of Connecticut
64988,GBI
64988,Associated Press
64988,University of South Alabama
64988,Elkmont High School
64988,St. James Episcopal Church
64988,Miami Heat
64988,Albertville High School
62114,KMOX
62114,Vittoria Brooke Estates
62114,ESPN
62114,KMOX News
62114,Bloomingdale Park District
62114,Journal-Star
62114,Lodge 851
62114,Campari America
62114,Better Government Association
62114,Illinois Department of Employment Security
62052,Pennsylvania State University in State College
62052,Cooperative Institute for Mesoscale Meteorological Studies
62052,National Weather Service
62052,Insurance Institute for Business and Home Safety
62052,University of Florida
62052,New York Times
62052,U.S. Green Building Council
62052,NWS
62052,National Oceanic and Atmospheric Administration
62052,University of Oklahoma
69665,Centers for Disease Control and Prevention
69665,Santa Monica
69665,United
69665,St. Joseph High School
69665,National Weather Service
69665,National Climatic Data Center
69665,U.S. Air Force
69665,Robert Wood Johnson Foundation
69665,OSU
69665,Dixie Alley
64346,TracFone
64346,T-Mobile
64346,HTC
64346,Dunhams
64346,Amarillo Bulls
64346,Boost Mobile
64346,Conner State College Student Arrested For Stealing Cattle From School
64346,NAHL
64346,Islamic Networks Group
64346,ISB
63056,Baltimore Sun
63056,Paramount Pictures
63056,National Weather Service
63056,Cocoa Beach Public Library
63056,Orson Welles
63056,Wikipedia
63056,Medicine Bow National Forest
63056,BP
63056,Fleetwood Mac
63056,Mehoopany Wind Farm Project Moving Along
63190,National Geographic
63190,ABC
63190,National Weather Service
63190,NICS
63190,Judds
63190,FBI
63190,Waay TV
66120,Facebook
66120,Wrexham Industrial Estate
66120,DuPage County Board
66120,U.S. Department of Housing and Urban Development
66120,Oak Ridge Boys
66120,Delta Cost Project on Postsecondary Education
66120,NOAA
66120,American Council of Trustees
66120,Institute for International Education
66120,National Ocean Service
62507,National Weather Service
62507,Red Cross
62507,Connecticut Avenue Corridor Coalition
62507,Fox Lake Menards
62507,Amtrak
62507,Branson Landing
62507,Capital Crescent Trail
62507,Chase Bank
62507,NOAA
62507,Kentucky National Guard
60154,SPC
60154,Central KS
60154,Supreme Court
60154,MSNBC
60154,Lufthansa Technik
60154,Kansas Global Transport & Executive Systems
60154,Star
60154,NWS
60154,NE
60154,WETV
60151,SPC
60151,Central KS
60151,Supreme Court
60151,MSNBC
60151,Lufthansa Technik
60151,Kansas Global Transport & Executive Systems
60151,Star
60151,NWS
60151,NE
60151,WETV
60159,National Weather Service
60159,Kentucky State Police
60159,Facebook
60159,Red Cross
60159,Legence Bank
60159,Information Center
60159,Newman Catholic Student Center
60159,Student Recreation Center
60159,Harry Owen Trucking Company
60159,Bank of Marion
64024,Department of Transportation and Development
64024,Tropical Storm Fabio
64024,Security Forces Squadron
64024,Islas Cies
64024,Sydney Opera House
64024,Northern Lights
64024,Helton Hall
64024,MacDill
64024,DOTD
64024,CNN
61628,Wheaton Warrenville Unit District
61628,Hubble Middle School
61628,CPC
61628,BCA
61628,Northwest
61628,New York Times
61628,AccuWeather
61628,Lawrence Livermore National Laboratory
61628,CBS
61628,Bank of America
70012,Facebook
70012,Federal Aviation Administration
70012,YouTube
70012,National Center for Atmospheric Research
70012,FAA
70012,White House
70012,United Way of Athens
70012,Scott & White Hospital
70012,NOAA
70012,Coca Cola
61830,Smart Tech Homes
61830,Dominick's Finer Foods
61830,Illinois Attorney Registration and Disciplinary Commission
61830,Rolling Meadows
61830,Granger Plastics Co.
61830,Clark Street Development
61830,Libertyville Police
61830,Protect NC Families
61830,Associates of Wheaton
61830,Hoffman Estates
67325,Facebook
67325,Oxnard Fire Department
67325,Oklahoma Union High School
67325,University of Northern Colorado
67325,Mohegan Council of the Boy Scouts of America
67325,MSN
67325,Lawsuit Financial Corp
67325,Legal Examiner Farmington Hills
67325,KSL
67325,Golf Services Department
66232,White House
66232,JP Morgan Chase
66232,Florida Department of Health
66232,Florida Department of Law Enforcement
66232,Alabama Power
66232,Georgia Power
66232,Universal Studios
66232,Blue Angels F/A
66232,Washington Post
66232,Sports Illustrated
62474,Cedar Hill Museum of History
62474,Superior Court
62474,Oncor
62474,Mobile Computer Repair
62474,St. Joseph Health System in Bryan
62474,South Harvard
62474,NCAA
62474,Sooners
62474,KBTX-TV
62474,NASCAR
62472,Facebook
62472,Google
62472,HBO
62472,Consumer Reports National Research Center
62472,Reuters
62472,Comcast
62472,Naperville Humane Society
62472,Philippine Eagle Foundation
62472,Sea World
62472,Save Benedict Canyon Campaign
62478,National Weather Service
62478,CNN
62478,NOAA
62478,WLKY
62478,Buckhorn High School
62478,CBS
62478,Associated Press
62478,Alabama Department of Corrections
62478,White House
62478,Madison County Emergency Management Agency
67939,Facebook
67939,Texas Rangers
67939,Assembly Business
67939,California Department of Transportation
67939,Los Angeles Times
67939,Equality California
67939,National Association for Research & Therapy of Homosexuality
67939,National Center for Lesbian Rights
67939,NARTH
67939,UFC
70490,Facebook
70490,NBC News
70490,Sandy Hook Elementary School
70490,Associated Press
70490,FBI
70490,National Weather Service
70490,Columbine High School
70490,GSP
70490,Loblaw Companies
70490,Porsche
61305,CoreLogic
61305,NOAA
61305,Allied Waste
61305,National Weather Service
62876,Red Horse Nation
62876,International Council of 13 Indigenous Grandmothers
62876,Texas A&M University-Kingsville
62876,Cheyenne Elders Council
62876,Grandmothers Council
61652,Texas Tech
61652,Mart ISD
61652,Federal Aviation Administration
61652,Aberystwyth University
61652,National Ranching Heritage Center
61652,San Jose Sharks
61652,US Dept. of Energy
61652,The Commodores
61652,Golden Globe
61652,USHL
62651,Texas School University
62651,Berkshire
62651,Colchester Borough Council
62651,Air Force
62651,SB Nation
62651,Harvard University
62651,Local Lions
62651,Met Office
62651,University of Texas-Texas
62651,HOWARD
61578,AP
61578,NCAA
61578,WACO
61578,Porsche
61578,DRC
61578,Columbia Sportswear
61578,Smithfield
61578,National Technical Institute
61578,RIT
61578,Nicholls State
62657,Associated Press
62657,National Weather Service
62657,Massachusetts-based Acoustic Technology Inc.
64814,Army
64814,U.S. Food and Drug Administration
64814,MMA
64814,UFC
64814,ConAgra
64814,Adolescent Psychiatric Unit
64814,USA Today
64814,ECMC
59625,Associated Press
59625,National Oceanic and Atmospheric Administration
59625,Accuweather
59625,ABC News
59625,National Weather Service
59623,Carpeting Pincushion Flower
59623,National Weather Service
59623,Red Sunset
59623,National Institutes of Health
59623,Ajax
59623,Baker Creek Heirloom Seeds
59623,AccuWeather
59623,Munchkin Nursery & Gardens
59623,Sport Spa
59623,Direct Gardening Association
62894,National Weather Service
62894,Red Cross
62894,Spirit AeroSystems
62894,Boeing
62894,Fremont County Emergency Management
62894,LALATE
62894,ABC News
62894,Kansas Humane Society
62894,HBO
62894,Amarillo College
68291,National Weather Service
68291,Facebook
68291,KTVI
68291,Red Cross
68291,Guns N' Roses
68291,Fraser Health
68291,Google Inc.
68291,Fraser Health Authority
68291,Department of Public Works
68291,Gruenenthal Group
62892,PCBC
62892,Penn State Golf Courses
62892,USGA
62892,United State Golf Association
62892,Missouri Highway Patrol Crime Lab
62892,RAF
62892,Scilly Wildlife Trust
62892,Isles of Scilly Wildlife Trust
62892,RI Golf Course Superintendents Association
62892,Honquest Furniture
67020,New Orleans Saints
67020,Flirty Cupcakes
67020,Sikh Coalition
67020,Milwaukee Journal Sentinel
67020,WGC
67020,Seven People Dead
67020,Economic Community Development Institute of Columbus
67020,Pizza Truck
67020,Arizona Cardinals
67020,Greenfield Police
60979,National Weather Service
60979,Red Cross
60979,Green Oaks
60979,American Airlines
60979,CBS
60979,Associated Press
60979,Oncor
60979,Federal Aviation Administration
60979,Dallas County Community College District
60979,WBCA
60978,National Weather Service
60978,Dallas Police
60978,KXAS
60978,Twitter
60978,YMBL South Texas Fair
60978,Facebook
60978,US Headlines Examiner
60978,American Airlines
60978,USA Today
60978,Orange County Deputy Emergency Management Coordinator
68195,Jackson County Emergency Operations Center
68195,Catholic
68195,Magic Johnson Foundation
68195,Northview
68195,Mississippi Department of Transportation
68195,Mississippi Gulf Coast
68195,University of South Alabama
68195,First Baptist
68195,Met Office
68195,Inner City Industry
64792,National Weather Service
64792,United
64792,Xcel Energy
64792,South Metro Fire Rescue
64792,Colorado Department of Transportation
64792,South Metro
64792,Northridge Weather Examiner
64792,Facebook
64792,ESPN.com
64792,Palmer Divide
63288,National Weather Service
63288,AP
63288,Cowboys
63288,Center for Disease Control
63288,Barry Church
63288,Brogue Kick
63288,Acapulco Radar
63288,Bloomberg Businessweek
63288,Star Tribune Outlook
63288,NOAA
65316,Facebook
65316,NBC
65316,Navy Intelligence
65316,State Board of Medical Examiners
65316,DPS
65316,Student Mental Health Service
65316,Reuters
65316,Vestavia Hills High School
65316,Drug Enforcement Administration
65316,Associated Press
60374,Apple
60374,Supreme Court
60374,Black History Month
60374,MSNBC
60374,SPC
60374,NOAA Weather Radio
62095,Fulton Sun
62095,Fulton Public Schools
62095,Westminster College
62095,NASA
62095,Fulton Middle School
62390,KTVI
62390,Community Health Improvement Partners
62390,IDC
62390,Assembly
62390,Senate
62390,Goodmans
62390,Kilroy’s Sports Bar
62390,University of Missouri
62390,Bureau
62390,Brewers
62257,Black Panther Party
62257,Dayton University
62257,Loyola University
62257,NBPP
62257,Escambia County Sheriff’s Office
62257,Lions
62257,ABC News
62257,CNN
62257,New Black Panther Party
62257,Orlando Sentinel
68228,WFSB Channel 3
68228,The Institute for College Access & Success
68228,Medical Examiner's Office
68228,Princeton
68228,Connecticut Superior Court
68228,Medical Examiner
68228,WWE Hall of Fame
68228,OKC
68228,Oklahoma City Police Department
68228,Yale
61276,McDonalds
61276,FBI
61276,ESPN
61272,Turner Entertainment / Warner Bros
61272,PETA
61272,Humane Society of the United States
61272,Humane Society
61272,WACO
61272,"SERVE, Inc."
61272,TracFone
61272,Sanyo Zio
61272,Reids
61272,Motorola Photon
67500,Indianapolis Weather Examiner
67500,HBO
67500,Mesa Verde Repairs Cause
67500,P.M. Eastern
67500,Beyond LLC
67500,Red Hot Chili Peppers
67500,LinkedIn
67500,NOAA
67500,SKYWARN
67500,UVD Industries Inc.
64573,Wall Street
64573,Citigroup Inc
64573,Royal Bank of Scotland Group PLC
64573,NOAA
64573,RiverDogs
64573,Major League Baseball
64573,MSNBC
64573,HSBC Holdings PLC
64573,National Oceanic and Atmospheric Administration
64573,UBS AG
63131,Insurance Council of Texas
63131,Emory Montague
63131,UFC
63131,YouTube
63131,UFC Hall of Fame
63131,Unfair Park
63131,Engineered Wood Association
63131,Navy
63131,MSNBC
63131,Fox News
66678,CME
66678,Goddard Space Weather Lab
66678,NOAA
63650,NASCAR Nation
63650,American Majority
63650,Berkeley High School
63650,Export-Import Bank
63650,Tropical Storm Beryl
63650,Washington Examiner
63650,MacDonald Motorsports
63650,Associated Press
63650,Berkeley Intermediate School
63650,Aerosmith
62021,Bulls
62021,Mundelein High
62021,University of Chicago Medical Center
62021,ESPN
62021,Kush
62021,Vernon Hills Park District
62021,ISU
62021,NOAA
62021,CBS New York
62021,Leak & Sons Funeral Home in Country Club Hills
62026,National Weather Service
62026,Fremont County Emergency Management
62026,Red Cross
62026,Oklahoma Department of Emergency Management
62026,Spirit AeroSystems
62026,Boeing
62026,American Red Cross
62026,McConnell Air Force Base
62026,Nike
62026,Wolfes
62025,National Weather Service
62025,City Council
62025,Southwestern Community College
62025,MidAmerican Energy
62025,Medicine Lodge
62025,Greater Regional Medical Center
62025,Union County Sheriff's Department
62025,NWS
62025,WAFB-TV
62025,NTV
62533,National Weather Service
62533,FOX
62533,NOAA
62533,Weather Service
62533,WMO
62533,KTVI
62533,Missouri University
62533,U.N. World Meteorological Organization
62533,Warner
62929,Red Cross
62929,Pittsburgh Steelers
62929,Raiders
62929,KTVI
62929,Polaroid
62929,University of Missouri
62929,Kodak Instamatic
62929,Disney
62929,U.S. Cellular
62929,Mizzou
62539,Bulls
62539,Mundelein High
62539,University of Chicago Medical Center
62539,ESPN
62539,Kush
62539,Vernon Hills Park District
62539,ISU
62539,NOAA
62539,CBS New York
62539,Leak & Sons Funeral Home in Country Club Hills
63820,McAlester High School
63820,Miami Project
63820,Kansas State University
63820,Northeastern State University
63820,ISU
63820,Secondary Schools Athletics
63820,Pro Football Hall of Fame Enterprises
63820,Upper Iowa University
63820,Nowata Sheriff Deputies
63820,Oklahoma State
62920,Auburn
62920,House of Representatives
62920,House
62920,Red Cross
62920,White House
62920,CIA
62920,House Judiciary Committee
62920,Republican Party
62920,New York Times
62920,Supreme Court
70615,National Weather Service
70615,Murphy High School
70615,Oklahoma Highway Patrol
70615,Trinity Episcopal Church
70615,WALA
70615,Oklahoma Department of Public Safety
70615,Alabama Power
70615,Pike County EMA
70615,Murphy High
70615,Harris County Sheriff
64371,Cedar Hill Museum of History
64371,Superior Court
64371,Oncor
64371,Mobile Computer Repair
64371,Weimar High School
64371,South Harvard
64371,NCAA
64371,Sooners
64371,KBTX-TV
64371,NASCAR
60759,National Weather Service
60759,Emergency Management
60759,University of Michigan Health System
60759,Addison Trail High School
60759,New Yorker
60759,Eastern Michigan University
60759,Netflix
60759,New York Film Academy
60759,DTE Energy
60759,Rockingham County Superior Court
70289,National Weather Service
70289,Murphy High School
70289,Oklahoma Highway Patrol
70289,Trinity Episcopal Church
70289,WALA
70289,Oklahoma Department of Public Safety
70289,Alabama Power
70289,Pike County EMA
70289,Murphy High
70289,Harris County Sheriff
60593,National Weather Service
60593,Kentucky State Police
60593,Facebook
60593,Red Cross
60593,Legence Bank
60593,Information Center
60593,Newman Catholic Student Center
60593,Student Recreation Center
60593,Harry Owen Trucking Company
60593,Bank of Marion
70169,U.S. House
70169,White House
70169,U.S. Military Service
70169,Busta Rhymes
70169,Federal Aviation Administration
70169,ATL
70169,Gold Coast
70169,Forbes
70169,BET
70169,Michelin
66790,National Weather Service
66790,Elmira Free Academy
66790,Historic Preservation
66790,Joplin Police Department
66790,Chemung County Office of Fire and Emergency Management
66790,WBZ
66790,Southern New York State
66790,WBZ-TV
66790,CBS
66790,Consolidated Edison
70266,National Weather Service
70266,Oklahoma Department of Public Safety
70266,Entergy
70266,Harris County Sheriff
70266,Associated Press
70266,West Feliciana Parish Sheriff J. Austin Daniel
70266,Electric
70266,Oklahoma Highway Patrol
70266,Ford
70266,St. John The Baptist
70260,Facebook
70260,National Weather Service
70260,American Airlines
70260,NBC
70260,Associated Press
70260,National Guard
70260,NBC News
70260,Des Moines Register
70260,Red Cross
70260,United
59871,NWS
59871,Happy Trail
59871,ABC
59871,Oncor
59871,92nd American Meteorological Society
59871,National Weather Service
59871,National Oceanic and Atmospheric Administration
59871,NOAA
59871,Reuters
59871,CWG
66491,Commonwealth
66491,Railroad Retirement Board
66491,WHNT
66491,SARTEC
66491,Virginia National Guard
66491,U.S. Marshals Service
66491,Madison County Search Dogs Assist Jasper Police
66491,National Weather Service
66491,Maryland National Guard
66491,Virginia National Guard Soldiers
64208,Massachusetts-based Acoustic Technology Inc.
64208,Pete & Jake's Hot Rod Parts
64208,National Street Rod Association Nationals
64208,National Weather Service
64208,Chevrolet
64208,Honda
64208,Ford
64208,Nostalgic Auto Body
64208,Dayton Triple Cross
64208,GM
69409,Department
69409,Energizer Holdings
69409,Rock Island County Sheriff’s Office
69409,Energizer
60624,National Weather Service
60624,NWS
60624,National Guard
60624,NOAA
60624,National Oceanic and Atmospheric Administration
60624,Tropical Storm Lee
60624,CWG
60624,Google
60624,Houston Independent School District
60624,First Presbyterian Church
68156,Facebook
68156,NBC News
68156,Associated Press
68156,National Weather Service
68156,Jackson County Emergency Operations Center
68156,MSN
68156,National Museum of Natural History
68156,Gulfport Police Department
68156,Huffington Post
68156,Union
68151,San Diego Zoo
68151,Northwest Pacific
68151,Eastern Japan
68151,Facebook
68151,Northwest
68151,Las Vegas NV
68151,ENSO
68151,Southwest
70604,Stanford
70604,Bush Institute
70604,National Weather Service
70604,Entergy
70604,LEX
70604,Ascension Parish 7th District Fire Department
70604,Whitehall
70604,Lexington Police
70604,NBC
70604,Duke University
64753,Gunn High School
64753,KCET
64753,NOAA
64753,Central Social Aid and Pleasure Club
64753,Gunn Concert Choir
64753,Model United Nations
64753,Spirit Week
64753,Tape Group
64753,Santa Monica High School’s Choral Music Department
64753,Bergamot Station
70603,Hambledon Studios
70603,Allstate Insurance
70603,Hallmark UK
70603,Creative Publishing
70603,University of Maryland
70603,Witt Associates
70603,School of Public Policy
70603,Federal Emergency Management Agency
70603,Goldman Sachs
70603,FEMA
62849,Jacobs
62849,Hawks
62849,Red Raiders
62849,Hampshire
62849,Chargers
62849,Glenbard North
62849,IMDB
62849,South Elgin
62849,Lake Placid
62849,Golden Eagles
65213,American Meteorological Journal
65213,Red Cross
65213,Google
65213,National Weather Service
65213,YouTube
65213,Google I/O
65213,CBS
65213,Walmart
65213,National Weather Service Science and Operations
65213,Associated Press
65007,University of Miami
65007,House
65007,Dream Team
65007,BBC
65007,NBC
65007,Lillian Board
65007,FOX & Friends
61541,AP
61541,Philly Pretzel Factory
61541,Red Dwarf
61541,News Corporation
61541,Crimson Tide
61541,Amarillo Bulls
61541,Triple-A Omaha
61541,Telemundo
61541,Twins
61541,Bulls
68983,Tulsa Police
68983,Facebook
68983,Texas Tech
68983,National Weather Service
68983,Tigers
68983,Tulsa Braum
68983,UCLA
68983,Department of Public Works
68983,AP
68983,FCS Southland Conference
65211,Huffington Post
65211,Channel 2 Action News
65211,CIA
65211,Roswell
65211,Air Force
65211,Blue Jays
65211,Roswell Daily Record
65211,Volvo
65211,Toronto Star
65211,Marietta
64751,National Weather Service
64751,Facebook
64751,Washington Post
64751,Standard Pest Management
64751,National Guard
64751,Kent State
64751,Continental
64751,Lloydminster Meridian Booster
64751,Mount Evans
64751,National Guard Association of the United States
61221,Catholic
61221,Toyota Motor Engineering & Manufacturing North America
61221,Sarah Reed High School
61221,Dominican High School
61221,FEMA
61221,St. John the Baptist Church
61221,National Weather Service
61221,Toyota
61221,Jesuit High School
61221,National Merit
65216,Metroplex
65216,National Weather Service
65216,Showtime
65216,UFC
65216,MMA
65216,Black House
65216,Yankees
62210,Upper School
62210,Quaker
62210,Sidwell Friends School
62210,KCRG TV
62210,Obamas
62210,KCRG
64290,TracFone
64290,T-Mobile
64290,HTC
64290,CBS
64290,Tohoku
64290,University of Missouri
64290,Grayson Co
64290,Planned Parenthood
64290,Texas Republican Party
64290,Women’s Health Program
59774,Hartwig of the Insurance Information Institute
59774,state Department of Banking and Insurance
59774,Goldman Sachs-sponsored
59774,Property Casualty Insurers Association
59774,National Flood Insurance Program
59774,Chubb
59774,Insurance Information Institute
59774,DOBI
59774,the Insurance Information Institute
59774,JPMorgan
69591,Facebook
69591,National Weather Service
69591,NOAA
69591,NBC News
69591,Stanford
69591,Associated Press
69591,Sandy Hook Elementary
69591,News Service
69591,Newtown Volunteer Ambulance Corps
69591,National Centers for Environmental Information
68654,FIFA
68654,Facebook
68654,UAH Atmospheric Sciences Department
68654,Shelby Center
68654,CTV News Channel
68654,Douglas
68654,SKYWARN
68654,Pam Am Games
68654,University of Alabama
68654,Reconnaissance Squadron
67018,White House
67018,GOP
67018,B.C. Coroner's Service
67018,Army Corps of Engineers
67018,Floor Covering Associates
67018,CTV News Channel
67018,Comcast
67018,Talbots
67018,Neuqua Valley High School
67018,Cook County Assistant State
63344,National Weather Service
63344,NWS
63344,Oklahoma's Office of Emergency Management
63344,Huffington Post
63344,New York Times
63344,Washington Post
63344,Sedgwick County Emergency Management
63344,AP
63344,White House
63344,Seattle Times
62694,White House
62694,Iowa State University
62694,Marine Patrol
62694,Navy
62694,Coast Guard
62694,Iowa State
62694,Maine State Police Bomb Squad
62694,U.S. Navy
62696,Department of Public Safety Crime Lab
62696,Knicks
62696,Waco Police
62696,Loyola University Medical Center
62696,Texas Rangers
62696,McMurdo Ice Station
62696,Eastern Pacific Bud
62696,Falls County Sheriff's Office
62696,Falls County Sheriff's Deputies
62696,Cubs
62690,Jayhawks
62690,Cowboys
62690,Notre Dame
62690,National Weather Service
69478,National Weather Service
69478,Associated Press
69478,American Airlines
69478,AP
69478,Reuters
69478,White House
69478,United Methodist Church
69478,United
69478,National Guard
69478,The Daniel Plan
65916,Facebook
65916,WPTV
65916,Jef
65916,Coastal Alabama
65916,ECB
65916,Cook County Assistant State
65916,Oak Noll Court
65916,New Britain Rock Cats
65916,Spenser
65916,Allstate Insurance
60488,National Weather Service
60488,CNN
60488,Associated Press
60488,White House
60488,Ooltewah High School
60488,Madison County Emergency Management Agency
60488,Presleys
60488,NC
60488,Tennessee Emergency Management Agency
60488,NOAA
60486,National Weather Service
60486,Associated Press
60486,CNN
60486,Alabama Department of Corrections
60486,WLKY
60486,White House
60486,Ooltewah High School
60486,Madison County Emergency Management Agency
60486,Double Eagle
60486,Tennessee Emergency Management Agency
60485,Associated Press
60485,National Weather Service
60485,White House
60485,WRAL
60485,CB&T
60485,Public Information Network for Electronic Services hub
60485,Tennessee Emergency Management Agency
60485,Sico
60485,Clark County Sheriff's Department
60485,Community Bank & Trust
65591,Key School
65591,Harris Interactive
65591,MTV
65591,BBC
65591,Millersville
65591,Yahoo News
65591,Philadelphia Inquirer
65591,Free Syrian Army
65591,FBI
65591,Urban Food Lab
62066,DK
62066,Mecklenburg County Animal Care
62066,YouTube
62066,National Institute of Population and Social Security Research
62066,WCNC News
62066,Japan Family Planning Association
62066,Japan Times
60249,National Weather Service
60249,Red Cross
60249,American Red Cross
60249,CNN
60249,Big Brothers
60249,Legence Bank
60249,DePaul Hospital
60249,Newman Catholic Student Center
60249,Information Center
60249,ISS
60248,Facebook
60248,National Weather Service
60248,Emergency Management
60248,Kentucky State Police
60248,South Elgin High School
60248,Harry Owen Trucking Company
60248,Azalea City Golf Course
60248,NOAA
60248,Underhill Associates
60248,NTS Development Co.
59510,National Weather Service
59510,NWS
59510,National Guard
59510,NOAA
59510,National Oceanic and Atmospheric Administration
59510,Tropical Storm Lee
59510,CWG
59510,Google
59510,Houston Independent School District
59510,First Presbyterian Church
60247,Facebook
60247,National Weather Service
60247,DePaul Hospital
60247,Continental Indoor Football League
60247,Wheaton North 2000
60247,NOAA
60247,Ford
60247,Emergency Management Director for Phelps County
60247,Football League
60247,Big Brothers
64491,Pennsylvania State University in State College
64491,University of Florida
64491,CCTV Cameras Catch Dam
64491,Nevada National Security Site
64491,New York Times
64491,North Callaway High School
64491,Judson Conatser
64491,NWS
64491,Cooperative Institute for Mesoscale Meteorological Studies
64491,Netflix
65350,National Hurricane Center
65350,Corpus Christi Caller Times
65350,TWC
65350,HBO
65350,Gold Exchange
65350,Manchester University
65350,NAHL
65350,WBC
65350,American Meteorological Society
65350,De la Hoya
65352,Mercedes
65352,Florida Highway Patrol
65352,Associated Press
65352,National Weather Service
65352,Red Cross
65352,White House
65352,Court
65352,Kameel Stanley
65352,Publix
65352,Molino School on Highway 95A
66882,Associated Grant Makers
66882,Connecticut College
66882,Elgin
66882,Foundation
66882,Hoffman Estates
66882,Community Foundation
66882,Western New England University
66882,WCVB-TV
66882,Colgate University
66882,University of Massachusetts-Boston
67125,Phoenix Free School
67125,Free School
67125,Harlequins
67125,State
67125,West Yorkshire Police
67125,Labour
67125,British Army
67125,New Schools Network
67125,Training and Development Agency
63912,Customs Enforcement
63912,Homeland Security
63912,Cedar Rapids
63912,Immigration and Customs
63912,Better Business Bureau
63912,Ugg
63912,United States Department of Homeland Security Immigration and Customs Enforcement Office
63912,Gulf Coast Exploreum Science Center
63912,University of Oklahoma
63912,Gucci
66528,RAF
66528,Squadron
66528,RAF Lossiemouth
66528,RAF Lossiemouth Tornados
66528,Military Air Accident Investigation Branch
66528,Reserve) Squadron
66528,Flt Lt Sanders and Squadron
66528,Buick
66528,Ministry of Defence
66528,Volkswagen
60414,Hartwig of the Insurance Information Institute
60414,state Department of Banking and Insurance
60414,Goldman Sachs-sponsored
60414,Property Casualty Insurers Association
60414,National Flood Insurance Program
60414,Chubb
60414,Insurance Information Institute
60414,DOBI
60414,the Insurance Information Institute
60414,JPMorgan
60415,National Weather Service
60415,Associated Press
60415,National Oceanic and Atmospheric Administration
60415,Alabama Emergency Management Agency
60415,Crimson Tide
60415,Alabama Power Co.
60415,University of North Alabama
60415,NOAA
60415,Old Navy
60415,Accuweather
60418,Bridgeport Chargers
60418,powerhouse Plant City Dolphins
60418,Borland
60418,Cheyenne High School
60418,National Weather Service
60418,United Youth Football League
60418,Canadian National Railway
60418,Drenching Storms Threaten East Coast Travel Delays
60418,Herald
60418,American Red Cross
60065,National Weather Service
60065,Emergency Management
60065,OTRC
60065,NOAA
60065,Forte
60065,Georgia Power
60065,Richmond County School District
60065,Harvard University
60065,MSNBC
60065,Paradise Water Features
70002,National Weather Service
70002,Electric
70002,Oklahoma Department of Public Safety
70002,Emergency Management Agency
70002,NWS
70002,Oklahoma Highway Patrol
70002,WDAM
70002,Armstrong International Airport
70002,Harris County Sheriff
70002,Ford
70003,National Weather Service
70003,Oklahoma Department of Public Safety
70003,Entergy
70003,Harris County Sheriff
70003,Associated Press
70003,West Feliciana Parish Sheriff J. Austin Daniel
70003,Electric
70003,Oklahoma Highway Patrol
70003,Ford
70003,St. John The Baptist
70007,Hambledon Studios
70007,USM
70007,Living Gallery
70007,Witt Associates
70007,Rolling Stone
70007,Eagles
70007,Goldman Sachs
70007,FEMA
70007,Federal Emergency Management Agency
70007,International Monetary Fund
67880,Facebook
67880,Reuters
67880,Associated Press
67880,Cinemark
67880,Phoenix Police Department
67880,Trust Women
67880,Trust Women Foundation Inc.
67880,KIRO-TV
67880,Maricopa County Attorney's Office
67880,Pierce County Animal Control
67886,Facebook
67886,NBC
67886,FBI
67886,U.S. Defence
67886,Springfield
67886,Bismarck
67886,Falcons
67886,state Senate
67886,Department of Fish & Wildlife
67886,U.S. Supreme Court
66067,American Meteorological Journal
66067,HGTV House
66067,Western Illinois University
66067,St. Edward Central Catholic High School
66067,HGTV
66067,Associated Press
66067,CBS
66067,Larson Middle School
66067,Washington Post’s Capital Weather Gang
66067,Facebook
67902,Facebook
67902,Associated Press
67902,NBC News
67902,Congress
67902,Catholic
67902,Red Raiders
67902,Maryland State Department
67902,Marine Infantry Veterans Foundation
67902,Rail Corp.
67902,Supreme Court
64322,TracFone
64322,T-Mobile
64322,HTC
64322,CBS
64322,Tohoku
64322,University of Missouri
64322,Grayson Co
64322,Planned Parenthood
64322,Texas Republican Party
64322,Women’s Health Program
68117,Facebook
68117,NBC News
68117,National Weather Service
68117,New York Daily News
68117,Google
68117,U.S. Army Corps of Engineers
68117,NBC
68117,Oak Creek Police
68117,Tri State Surgery Center
68117,CPC
62569,Red Cross
62569,CIMA Green
62569,Former Northern Colorado Red Cross
62569,Taj Hotel
62569,National Guard
62569,West Clark Community
62569,Northern Colorado Chapter of the American Red Cross
62569,International Business Times
62569,University of Oklahoma
62569,Roosevelt Hotel
64244,Trademark Office
64244,Crimson Tide
64244,The Department of Commerce’s National Oceanic and Atmospheric Administration
64244,NOAA
64244,GSK
64244,CAA
64244,Pixar
64244,Brand
64244,LLP
64244,People Injured
62560,Red Cross
62560,Pittsburgh Steelers
62560,Raiders
62560,KTVI
62560,Polaroid
62560,University of Missouri
62560,Kodak Instamatic
62560,Disney
62560,U.S. Cellular
62560,Mizzou
60460,Traverse City
60460,OSU Open House
60460,Bismarck
60460,Fairbanks
60460,Texas Department of Public Safety
60460,Pasadena Police Crime Lab
60460,Chicago Herpetological Society
60460,NAHL
60460,Northeast DuPage Special Recreation Association
60460,Wood Dale Junior High School
60809,National Guard
60809,Air Force
60809,Fox
60809,Clayton Osbon JetBlue
60809,Vassar Playhouse
60809,Northrop Grumman Corp.
60809,MODOT
60809,Weather Channel
60809,Whiteman Air Force Base
60809,NWS
63869,St. Louis
63869,Bismarck
63869,Bureau of Indian Affairs
63869,National Weather Service
63869,Falcons
63869,Bobcats
63869,Amarillo Bulls
63869,WCCO-TV
63869,Amarillo
63869,Texas Rangers
66119,Jackson County Emergency Operations Center
66119,Catholic
66119,Magic Johnson Foundation
66119,Northview
66119,Mississippi Department of Transportation
66119,Mississippi Gulf Coast
66119,University of South Alabama
66119,First Baptist
66119,Met Office
66119,Inner City Industry
61317,National Weather Service
61317,Red Cross
61317,Dallas Morning News
61317,Green Oaks
61317,American Airlines
61317,CBS
61317,Associated Press
61317,Oncor
61317,Federal Aviation Administration
61317,Dallas County Community College District
61505,Red Cross
61505,LANCASTER
61505,Red Raiders
61505,TracFone
61505,Rumble Across Texas Tonight
61505,Lakeview Hospital
61505,Bismarck
61505,Fairbanks
61505,Andersen Foundation
61505,Amarillo
68759,Citizens Energy
68759,Wilshire Motel
68759,Cushing Police
63263,TracFone
63263,T-Mobile
63263,HTC
63263,Verizon
63263,Rutland Herald Online
63263,Ernst & Young
63263,Sony Ericsson
63263,Army
63263,Grace Fairview Hospital
63263,University of Missouri
62496,ABC
62496,LA Lakers
62496,Chicago Bulls
62496,Augusta
62496,WBBQ
62496,Arbitron
62496,Detroit Pistons
62496,Hall of Fame
62496,NBA
62496,Clear Channel
65037,Facebook
65037,Army
65037,Associated Press
65037,Reuters
65037,NBC News
65037,White House
65037,Boston Globe
65037,NASA GODDARD
65037,U.S. Marines
65037,Nucor
61163,National Weather Service
61163,Associated Press
61163,Alabama Department of Corrections
61163,CNN
61163,WLKY
61163,White House
61163,Ooltewah High School
61163,Madison County Emergency Management Agency
61163,Tennessee Emergency Management Agency
61163,NOAA
68187,Red Cross
68187,Medinah Road
68187,Medinah Country Club
68187,US Navy
68187,National Transportation and Safety Board
68187,Medinah
68187,Crabbe
68187,Hari Om Mandir
68187,Facebook Truly
68187,Facebook
61215,National Weather Service
61215,CNN
61215,CBS
61215,Associated Press
61215,White House
61215,Madison County Emergency Management Agency
61215,Lincoln Center
61215,NOAA
61215,WRCB
61215,CM Academy of Dog Training
64783,Colorado Sen
64783,U.S. Air Force
64783,National Weather Service
64783,Air Force
64783,Draft Environmental Assessment
64783,Cannon Air Force Base
64783,Harvard
64783,Boston Scientific
64783,Environmental Analysis
60205,National Weather Service
60205,CNN
60205,NOAA
60205,WLKY
60205,Buckhorn High School
60205,CBS
60205,Associated Press
60205,Alabama Department of Corrections
60205,White House
60205,Madison County Emergency Management Agency
61210,National Weather Service
61210,Centera Bank
61210,Daily Mirror
61210,CME
61210,BBC
61210,Yacht Club Knolls
61210,Baxter Healthcare
61210,Gib Compton of Compton Construction
61210,Associated Press
61210,Weather Service
60206,National Weather Service
60206,Associated Press
60206,Alabama Department of Corrections
60206,CNN
60206,WLKY
60206,White House
60206,Ooltewah High School
60206,Madison County Emergency Management Agency
60206,Tennessee Emergency Management Agency
60206,NOAA
60562,YouTube
60562,Facebook
60562,World Wrestling Federation
60562,LOD
60562,WWF Superstars
60562,Piper
60562,Road Warriors
60562,U.S. Geological Survey
60562,NAHL
60562,Major League
65367,National Weather Service
65367,Charlottesville Fire Department
65367,BGE
65367,Woodland High School
65367,Bel Air Auto Palace
65367,ISU
65367,South Carolina Highway Patrol
65367,EMS
65367,New York Times
65367,IDF
63317,Mercedes
63317,Florida Highway Patrol
63317,Associated Press
63317,National Weather Service
63317,Red Cross
63317,White House
63317,Court
63317,Kameel Stanley
63317,Publix
63317,Molino School on Highway 95A
65621,News Channel
65621,Boy Scouts of America
65621,Eagle Scout
65621,BSA
65621,Moody
65621,University of Michigan
65621,Manvel
65621,Tulane
65621,CBS News
65621,BBC
68625,NFL
68625,Facebook
68625,National Weather Service
68625,First Presbyterian Church
68625,Edwards Air Force Base
68625,Broncos
68625,Lincoln Center
68625,Columbia Business School
68625,BP
68625,Interior
65561,Supreme Court
65561,Facebook
65561,Hoffman Estates
65561,NBC
65561,Jefferson Junior High
65561,Discover Financial Services
65561,Fenton Community High School District
65561,Nouvelle Vague
65561,Liberal Opposition
65561,Stevenson High School
69004,National Weather Service
69004,Facebook
69004,KTVI
69004,Joplin School District
69004,Department of Public Works
69004,Reuters
69004,Lions
69004,WMUR-TV
69004,Savannah State
69004,Associated Press
63724,Woodside
63724,Vittoria Brooke Estates
63724,Kane County Circuit Court
63724,State University of New York at Albany (Department of Earth & Atmospheric Science
63724,Hinsdale High School District 86
63724,Glenbard High School District 87
63724,Bloomingdale Park District
63724,Butler Elementary District 53
63724,Vincentric LLC
63724,DuPage County Regional Board of School Trustees
63722,Huntley High School
63722,Ford Plant
63722,Vittoria Brooke Estates
63722,Al Qaida
63722,Kane County Circuit Court
63722,Union Rags
63722,Glenbard High School District 87
63722,My Kind of Town
63722,Bloomingdale Park District
63722,Underhill Associates
67307,Facebook
67307,MVP
67307,St. Louis Rams
67307,NCAA
67307,Internal Revenue Service
67307,ESPN
67307,University of Florida
67307,University of Maryland's Francis King Carey School of Law
67307,Colts
67307,National Hurricane Center
65761,North Shore Animal League
65761,Union Pacific
65761,National Weather Service
65761,NHL
65761,Van Zandt County Sheriff's Office
65761,AP
65761,Weather Service
65761,Lawsuit Financial Corp
65761,Legal Examiner Farmington Hills
65761,Facebook
61985,Waikato Times
61985,Staples Center
61985,Japan Times
61985,ESPN
61985,TNT
61985,House
61985,YouTube
61985,Times
61985,National Institute of Population and Social Security Research
61985,Tribal Council
60977,Jefferson City High School
60977,Jefferson City High School Medical Club
62036,Entergy
62036,Weather Service
62036,Jefferson Parish
62036,National Weather Service
60190,National Weather Service
60190,National Guard
60190,Indiana State Police
60190,Getty Images
60190,WHAS-TV
60190,Space Science and Engineering Center
60190,ET the National Weather Service
60190,state Department of Public Health
60190,CNN
60190,Camden County Sheriff’s Department
69315,Los Angeles Dodgers
69315,USM
69315,Living Gallery
69315,Telemundo
69315,Civil Aviation Authority of Mexico
69315,Eagles
69315,Associated Press
69315,Diva of Banda Music
69315,Voice
69315,International Monetary Fund
60197,National Weather Service
60197,Associated Press
60197,CNN
60197,Alabama Department of Corrections
60197,WLKY
60197,White House
60197,Ooltewah High School
60197,Madison County Emergency Management Agency
60197,Double Eagle
60197,Tennessee Emergency Management Agency
60196,National Weather Service
60196,Associated Press
60196,Limestone Correctional Facility
60196,Buckhorn High School
60196,Huntsville Times
60196,Coast Guard
60196,WLKY
60196,Canebrake Club
60196,Red Cross
60196,Alabama
69097,Associated Press
69097,Flomaton Hurricanes
69097,Northview Lady Chiefs
69097,Gaylord Entertainment
69097,Wikipedia
69097,Northview High School
69097,Facebook
69097,Gaylord
69097,Northview Dig Pink
69097,Two Afghan National Army
68248,Facebook
68248,Associated Press
68248,National Hurricane Center
68248,Reuters
68248,National Weather Service
68248,MSNBC
68248,Amtrak
68248,Republican Party
68248,GOP
68248,Biloxi Sun Herald
69095,Facebook
69095,National Interagency Fire Center
69095,Associated Press
69095,Red Cross of Montana
69095,National Weather Service
62526,Unabomber
62526,Deuteronomy
62526,AgriLife Today
62526,New York Times Cookbook
62526,Telegraph
62526,Pitbull RIP
62526,IFPRI
62526,UN Food and Agriculture Organization
62526,Unabomber Harvard
62526,Kansas Sity
68006,National Weather Service
68006,National Nuclear Security Administration
68006,Babcock & Wilcox Technical Services Y-12 LLC
68006,Babcock & Wilcox
68006,Harvard University’s John F. Kennedy School of Government
68006,POGO
68006,NWS
68006,Department of Energy
68006,Luxe Homes Management
68006,Knoxville News Sentinel
60741,Tuscaloosa Habitat for Humanity
60741,ESPN
60741,FHA
60741,NOAA
60741,Integrated Mortgage Solutions
60741,Third Man Records
60741,Knauf Plasterboard Tianjin
60741,Allstate Arena
60741,Rolling Meadows
60741,NCAA
67787,Meredith
67787,Strawberry Crest High School
67787,Strawberry High School
67787,ABC Action News
67787,FBI
67787,Bloomingdale High School
60035,National Weather Service
60035,Emergency Management
60035,Delta Airlines
60035,Savannah Jazz Orchestra
60035,Savannah College of Art
60035,National Transportation Safety Board
60035,Hillsborough
60035,Georgia Power
60035,Richmond County School District
60035,USGS
63119,National Weather Service
63119,United
63119,Xcel Energy
63119,South Metro Fire Rescue
63119,Colorado Department of Transportation
63119,South Metro
63119,Northridge Weather Examiner
63119,Facebook
63119,ESPN.com
63119,Palmer Divide
63032,Red Cross
63032,DPS
63032,AP
63032,Texas Department of Public Safety
63032,Chicago Weather Examiner
63032,Walmart
63032,BMW
63032,Santa Rosa Sheriff
63032,Navy
63037,National Weather Service
63037,AP
63037,Cowboys
63037,Center for Disease Control
63037,Barry Church
63037,Brogue Kick
63037,Acapulco Radar
63037,Bloomberg Businessweek
63037,Star Tribune Outlook
63037,NOAA
64364,National Weather Service
64364,Elmira Free Academy
64364,Historic Preservation
64364,Joplin Police Department
64364,Chemung County Office of Fire and Emergency Management
64364,WBZ
64364,Southern New York State
64364,WBZ-TV
64364,CBS
64364,Consolidated Edison
59268,Coryell County Jail
61917,National Weather Service
61917,Associated Press
61917,CNN
61917,Battle Ground-based American Land Rights Association
61917,White House
61917,WRAL
61917,CB&T
61917,Public Information Network for Electronic Services hub
61917,Space Science and Engineering Center
61917,ET the National Weather Service
61606,National Weather Service
61606,CNN
61606,Associated Press
61606,Alabama Department of Corrections
61606,WLKY
61606,Red Cross
61606,Ooltewah High School
61606,Madison County Emergency Management Agency
61606,Tennessee Emergency Management Agency
61606,NOAA
61604,Huntley High School
61604,Ford Plant
61604,Vittoria Brooke Estates
61604,Al Qaida
61604,Kane County Circuit Court
61604,Union Rags
61604,Glenbard High School District 87
61604,My Kind of Town
61604,Bloomingdale Park District
61604,Underhill Associates
60421,Apple
60421,Supreme Court
60421,Black History Month
60421,MSNBC
60421,SPC
60421,NOAA Weather Radio
60422,SPC
60422,Central KS
60422,Supreme Court
60422,MSNBC
60422,Lufthansa Technik
60422,Kansas Global Transport & Executive Systems
60422,Star
60422,NWS
60422,NE
60422,WETV
68903,Associated Press
68903,Flomaton Hurricanes
68903,Northview Lady Chiefs
68903,Gaylord Entertainment
68903,Wikipedia
68903,Northview High School
68903,Facebook
68903,Gaylord
68903,Northview Dig Pink
68903,Two Afghan National Army
62418,National Weather Service
62418,Knicks
62418,YouTube
62418,McMurdo Ice Station
62418,Eastern Pacific Bud
62418,Cubs
62418,Eau Claire
62418,Associated Press
60216,National Weather Service
60216,Associated Press
60216,CNN
60216,Coast Guard
60216,Buckhorn High School
60216,Huntsville Times
60216,White House
60216,Madison County Emergency Management Agency
60216,NOAA
60216,Limestone Correctional Facility
66739,Facebook
66739,National Weather Service
66739,New York Daily News
66739,NBC
66739,White House
66739,Columbine High School
66739,North Eastern Railway
66739,New York Times
66739,WPTV
66739,Foundation
62591,CNN
62591,Knicks
62591,Hospital Authority
62591,Family Tree Early Child Development Center
62591,Yorkshire
62591,Miami Heat
62591,Blunt
62591,UCLA Medical Center
62591,New York Knicks
62591,DNVF
65999,Southern Illinois University
65999,Northern Arizona University
65999,UFC
65999,YouTube
65999,UFC Hall of Fame
65999,Department of Conservation
65999,Jefferson City Fire Department
65999,Cougar Network
65999,Journal of Wildlife Management
67854,Homeland Security Committee
67854,Congress
67854,National Weather Service
67854,Hoffman Estates
67854,McHenry Tea Partyer
67854,NASA
67854,Northwest
67854,Tea Party
67854,Chicago Council
67854,Islam
68146,Klein High School
68146,Debenhams
68146,Greater Manchester Police
68146,Texas A&M University
68146,Blue Ribbon Schools Program
68146,Texas Blue Ribbon School
68146,La Marque ISD
68146,Bernshausen Elementary School
68146,Houston Association of Realtors
68146,Chronicle of Philanthropy
60921,Broncos
60921,Arizona Daily Sun
60921,Los Angeles Times
60921,JCG Restoration
60921,Arizona Snowbowl
60921,Dexter United Methodist Church
60921,Samsung Galaxy Note
60921,State
60921,Motorola
60921,Goose Creek Memorial
61325,McDonalds
61325,FBI
61325,ESPN
68939,Southwest Community College
68939,Early Childhood Education Initiative
68939,ICC Indians
68939,Pargo
68939,University of Oregon
68939,ICC
68939,Community Foundation
68939,Wall Street Journal
68939,UCLA
68939,Aberdeen Bulldog Rashad Pargo
62184,Indiana State Police
62184,Underhill Associates
62184,Kentucky State Police
62184,Manchester United
62184,United
62184,University of Chicago Medical Center
62184,ISU
62184,NOAA
62184,NTS Development Co.
62184,Leak & Sons Funeral Home in Country Club Hills
62186,Great American Insurance Group
62186,Cornell University
62186,Travelers Insurance
62186,Travelers
62186,Company
62186,Army
62186,WDCM
62186,Corporate Claims Division
62186,Business Torts Claim
62187,Red Cross
62187,Court
62187,National Guard
62187,Diamond Leeks
62187,WVLT
62187,Joplin Humane Society
62187,St. John’s Regional Medical Center
62187,Interior
62187,Federal Emergency Management Agency
62187,American Society for the Prevention of Cruelty to Animals
66246,CBS
66246,Barclay Farms Senior Housing Complex
66246,National Weather Service
61250,National Weather Service
61250,Norman Regional Hospital
61250,FOX
61250,NWS
61250,Taser
61250,Sledge Hammer
61250,NTV
61250,University of Oklahoma
61250,Oklahoma Department of Emergency Management
61250,LA Times
61253,National Weather Service
61253,Fremont County Emergency Management
61253,Red Cross
61253,Oklahoma Department of Emergency Management
61253,Spirit AeroSystems
61253,Boeing
61253,American Red Cross
61253,McConnell Air Force Base
61253,Nike
61253,Wolfes
61252,National Weather Service
61252,Emergency Management
61252,Salt Brook Elementary School
61252,New Providence High School and Middle School
61252,Roma Food
61252,Connecticut DOT
61252,NOAA
61252,Weather Service
61252,Ristorante & Pizzeria Crowned Best
61252,Restaurant Depot in Union
61254,Corps of Engineers
61254,National Weather Service
61254,St. Joseph's Academy
61254,Loyola University
61254,Saints
61254,NFL Players Association
61254,Tulane University
61254,Associated Press
61254,New Orleans Sewerage & Water Board
61254,Congress
61257,Facebook
61257,Stephens Chiropractic Center
61257,Illinois Grape Growers and Vintners Association
61257,Wolf Financial Management
61257,Christina Currie Events Inc.
61257,UConn
61257,New York Times
61257,LinkedIn
61257,Weleetka High School
61257,125th Brigade Support Battalion
62777,Red Cross
62777,Kiowa County Division of Emergency Management
62777,UFC
62777,Crimson Tide
62777,ESPN
62777,FC Dallas
62777,St. Louis Circuit
62777,KLCS
62777,Mantra Films Inc.
62777,University of Alabama
62776,Tofflers
62776,Joplin Junior College
62776,Forest Service
62776,Georgia Student Files Libel Suit Against Classmates For Cyber Bullying With Phony Facebook Page
62776,US Forest Service
62776,Moonflower Vine
62776,Indigenous Environmental Network
62776,Institutional Systems
62776,Lies Across America
62776,Congress
62672,State University of New York
62672,Colorado State University
62673,University of Minnesota
62673,National Weather Service
62673,Methodist Dallas Medical Center
62673,Men Dead
62673,Maryland Tornadoes
62673,Dallas Police Department
62673,Ohio Department of Natural Resources
62673,University of Illinois Extension
62670,National Weather Service
62670,Chicago Public Schools
62670,Illinois Department of Public Health
62670,Massachusetts Emergency Management Agency
62670,Round Lake High School
62670,Northwest Suburban High School
62670,West Chicago Community High School
62670,Glenbard South High School
62670,Metea Valley High School
62670,Kelly Wika
70798,Columbia
70798,Army Corps of Engineers
70798,Cornell
70798,Patheos Book Club
70798,Twitter
70798,ESPN NBC CBS
70798,YouTube
70798,Christianity
70798,Christian
70798,Radio Wales
68705,White House
68705,GOP
68705,B.C. Coroner's Service
68705,Army Corps of Engineers
68705,Floor Covering Associates
68705,CTV News Channel
68705,Comcast
68705,Talbots
68705,Neuqua Valley High School
68705,Cook County Assistant State
68706,Louis Armstrong New Orleans International Airport
68706,NBC News
68706,CBS
68706,Fulton Education Center
68706,NBCNews.com Photos Newsletter
68706,CNN
68706,Federal Emergency Management Agency
68706,Coast Guard
68706,Tropical Storm Isaac Path Set For Missouri
68706,McIntire Elementary
68707,Facebook
68707,Red Cross
68707,Kansas Talks
68707,Millington Fire Department
68707,Army
68707,Northwest Pacific
68707,N.B. Foundation
68707,Time Jumpers
68707,St. Jude
68707,Treasury
63218,Red Cross
63218,Community Health Improvement Partners
63218,EMS
63218,Chevrolet
63218,Mason Gross School of the Arts
63218,Telemundo
63218,Nicole Houde Miss New Hampshire
63218,MRA Holdings
63218,SkyCam Network
63218,Mantra Films Inc.
69267,NBC
69267,Medinah Country Club
69267,HBO
69267,Oil India Ltd.
69267,Chicago Sinfonietta
69267,CTV News Channel
69267,Correctional Service of Canada
69267,Washington State University
69267,Art Institute of Chicago
69267,Rice Chex
61137,Tigers
61137,National Weather Service
61137,Vikings
61137,Nike
61137,Smithsonian Art Museum Art Inventories Catalog You
61137,Sprit AeroSystems
61137,Eagles
61137,Hill City Area Chamber of Commerce
61137,Oklahoma Medical Examiner’s Office
61137,Buffalo Bills
65849,Community Development Block Grant
65849,Genesee County Board of Commissioners
65849,DTE
65849,DTE Energy
65849,CBS
65849,Mt. Morris Township Trustee
65849,CBS Detroit
65849,Port Arthur
65849,WWJ
61138,National Weather Service
61138,City Council
61138,Southwestern Community College
61138,MidAmerican Energy
61138,Medicine Lodge
61138,Greater Regional Medical Center
61138,Union County Sheriff's Department
61138,NWS
61138,WAFB-TV
61138,NTV
61139,Red Cross
61139,Thornwillow Press
61139,Living Word Fellowship Church in Woodward
61139,Acura
61139,Boeing
61139,Woodward City
61139,University
61139,KOCO
61139,American Red Cross
61139,Spirit AeroSystems
64132,Facebook
64132,Community Redevelopment Agency
64132,Indianapolis Weather Examiner
64132,D.C. War Memorial
64132,Crimson Tide
64132,Huffington Post
64132,DOC
64132,LinkedIn
64132,CRA
64132,Argon Court
63603,Metroplex
63603,ORU
63603,Roberts University
63603,National Weather Service
59509,Google
59509,National Guard
59509,New Orleans East Inc.
59509,NOAA
59509,Moultrie Police
59509,Commission
59509,U.S. Geological Survey
59509,USGS
59509,U.S. National Oceanic and Atmospheric Administration
59509,Google.org's Crisis Response Team
60252,National Weather Service
60252,Kentucky State Police
60252,Facebook
60252,Red Cross
60252,Legence Bank
60252,Information Center
60252,Newman Catholic Student Center
60252,Student Recreation Center
60252,Harry Owen Trucking Company
60252,Bank of Marion
60742,Bulls
60742,University of Chicago Medical Center
60742,ESPN
60742,Army
60742,NOAA
60742,Underhill Associates
60742,Leak & Sons Funeral Home in Country Club Hills
60742,Mayo Clinic
60742,Liberty Baptist
60742,EPB
67521,Daily Mail
67521,Seattle Times
67521,Labour Party
67521,Labour
67521,Washington State University
67521,Party
67521,Al-Azhar
67521,Cabinet
67521,Facebook
67521,Lawrences
69604,National Weather Service
69604,Murphy High School
69604,Oklahoma Highway Patrol
69604,Trinity Episcopal Church
69604,WALA
69604,Oklahoma Department of Public Safety
69604,Alabama Power
69604,Pike County EMA
69604,Murphy High
69604,Harris County Sheriff
66690,New York Times
66690,Khan Academy
66690,SA Film Commission
66690,Lindisfarne
66690,Sanneh Foundation
66690,Durban Film Office
66690,Minnesota National Guard
66690,Nexen
66690,Sport Resources Group
66690,SAA
60786,Corps of Engineers
60786,National Weather Service
60786,St. Joseph's Academy
60786,Loyola University
60786,Saints
60786,NFL Players Association
60786,Tulane University
60786,Associated Press
60786,New Orleans Sewerage & Water Board
60786,Congress
60787,Associated Press
60787,National Weather Service
60787,Allergy Foundation of America
60787,state Senate
60787,M.I.A
60787,L.A. Clippers
60787,Atlanta Falcons
60787,Spearmint Rhino
60787,Allergy Program
60787,Rolling Stone
66694,AFL
66694,Georgia Force
66694,Philadelphia Eagles
66694,Arena League
66694,NFL
66694,San Jose SaberCats
66694,New Orleans Voodoo
66694,Legal Examiner Farmington Hills
66694,Lawsuit Financial Corp
66694,Cleveland Gladiators
64414,Cedar Hill Museum of History
64414,Superior Court
64414,Oncor
64414,Mobile Computer Repair
64414,St. Joseph Health System in Bryan
64414,South Harvard
64414,NCAA
64414,Sooners
64414,KBTX-TV
64414,NASCAR
61561,National Weather Service
61561,Norman Regional Hospital
61561,FOX
61561,NWS
61561,Taser
61561,Sledge Hammer
61561,NTV
61561,University of Oklahoma
61561,Oklahoma Department of Emergency Management
61561,LA Times
65430,National Weather Service
65430,BGE
65430,Bel Air Auto Palace
65430,Southern Baltimore
65430,Eastern Allegany
65430,St. Mary
65430,New York Times
65430,IDF
65430,"Jewish Group Slams Soros, Chomsky & Friedman"
65430,Maryland Shock Trauma Center
60174,Ark Royal
60174,Army
60174,Georgia's Labor Department
60174,TIME Magazine
60174,Institute on Religion and Democracy
60174,Christianity
60174,Holts Summit Police
60174,Braselton Police Department
60174,Labour
60174,US Marine Corps
61812,Catholic
61812,Toyota Motor Engineering & Manufacturing North America
61812,Sarah Reed High School
61812,Dominican High School
61812,FEMA
61812,St. John the Baptist Church
61812,National Weather Service
61812,Toyota
61812,Jesuit High School
61812,National Merit
62007,Tulsa Police
62007,Red Cross
62007,SCF
62007,Manorville Brush Fire
62007,Brookhaven National Lab Property
62007,Baylor
62007,Sewage Treatment Plant
62007,Tulsa City Councilor Jack Henderson Praises Police
62007,ESPN.com
62007,The Riverhead Police Department
70036,Red Cross
70036,McIntire Elementary School
70036,McIntire School
70036,Girls Club
70036,Food Network
70036,St. Mary’s Catholic Church
69734,Pacolet Milliken Enterprises
69734,Entertainment Weekly
69734,Florida State
69734,Hall County Board of Commissioners
69734,Delta
69734,Brenau
69734,Huskies
69734,Boston Globe
69734,CBS Interactive
69734,Marty Stuart
68516,APEX Institute
68516,Global Post
68516,Huffington Post
68516,U.S. Consumer Product Safety Commission
68516,International Business Times
68516,GE Adora
68516,Fayoum Oasis
68516,GE
68516,Google
68516,GE Eterna
64529,Associated Press
64529,FBI
64529,Omaha Stormchasers
64529,Baylor University Medical Center
64529,Zetas
64529,Orange County Narcotics Investigators
64529,Bulldogs Basketball
64529,CCL
64529,Burlington
64529,New York Times
62413,HBO
62413,Army
62413,Elgin Oil
62413,International Olympic Committee
62413,Rothamsted Research
62413,Aldi
62413,Southwest
62413,Elgin High School
62413,Hertfordshire Police
62413,Chevrolet Fleetline Aerosedan
62822,Key School
62822,Harris Interactive
62822,MTV
62822,Millersville
62822,Yahoo News
62822,Philadelphia Inquirer
62822,Free Syrian Army
62822,FBI
62822,Urban Food Lab
62822,NBA
62821,Atlanta Life Insurance Company
62821,Google
62821,Judaism
62821,Historic District Development Corporation
62821,Auburn
62821,Atlanta Daily World
62821,National Park Service
62821,Atlanta City Council
62821,Auburn Avenue
62821,Joint Committee on State Employee Wages
64312,Alabama & Gulf Coast Railway
64312,Tate High School
64312,Molino Station of Escambia Fire Rescue
64312,McDonald
64312,Escambia County EMS
64312,Honda
64312,Escambia County Commission
64312,Planning Board
64312,Escambia County Central Office Complex
64312,Ford
67852,Associated Press
67852,New York Daily News
67852,Army
67852,Congress
67852,White House
67852,University of Winnipeg
67852,Austin American-Statesman
67852,Kalamazoo Gazette
67852,Meredith Video Studios
67852,Fontanini Meatball Eating Contest
61675,Ford Plant
61675,ESPN
61675,Union Rags
61675,Underhill Associates
61675,NTS Development Co.
61675,PAC
61675,FEMA
61675,EPA
61675,Campari America
61675,Breeders
59420,National Weather Service
59420,NWS
59420,NOAA
59420,Tropical Storm Lee
59420,Houston Independent School District
59420,National Oceanic and Atmospheric Administration
59420,National Guard
59420,Google
59420,ABC
59420,CWG
